{"best/epoch": 34, "best/precision": 0.6816383522953782, "best/recall": 0.49062963237886753, "best/mAP_0.5": 0.5417662000378477, "best/mAP_0.5:0.95": 0.2519438499798074, "Labels": {"_type": "images/separated", "width": 2000, "height": 2000, "format": "jpg", "count": 2, "captions": ["labels_correlogram.jpg", "labels.jpg"]}, "Mosaics": {"_type": "images/separated", "width": 1920, "height": 1920, "format": "jpg", "count": 3, "captions": ["train_batch0.jpg", "train_batch1.jpg", "train_batch2.jpg"]}, "train/box_loss": 0.04004381224513054, "train/obj_loss": 0.020063679665327072, "train/cls_loss": 0.006011829245835543, "metrics/precision": 0.6003638465267797, "metrics/recall": 0.5036788409754617, "metrics/mAP_0.5": 0.5123294212762207, "metrics/mAP_0.5:0.95": 0.22822248701159972, "val/box_loss": 0.05593801289796829, "val/obj_loss": 0.037163324654102325, "val/cls_loss": 0.016499437391757965, "x/lr0": 0.0014860000000000001, "x/lr1": 0.0014860000000000001, "x/lr2": 0.0014860000000000001, "_runtime": 685, "_timestamp": 1686690271, "_step": 45, "Validation": {"_type": "images/separated", "width": 1920, "height": 1080, "format": "jpg", "count": 6, "captions": ["val_batch0_labels.jpg", "val_batch0_pred.jpg", "val_batch1_labels.jpg", "val_batch1_pred.jpg", "val_batch2_labels.jpg", "val_batch2_pred.jpg"]}, "Results": {"_type": "images/separated", "width": 2400, "height": 1200, "format": "png", "count": 6, "captions": ["results.png", "confusion_matrix.png", "F1_curve.png", "PR_curve.png", "P_curve.png", "R_curve.png"]}, "_wandb": {"runtime": 685}}