{"best/epoch": 39, "best/precision": 0.7470633142154116, "best/recall": 0.4835918770717658, "best/mAP_0.5": 0.5096928710738994, "best/mAP_0.5:0.95": 0.240404360140587, "Labels": {"_type": "images/separated", "width": 2000, "height": 2000, "format": "jpg", "count": 2, "captions": ["labels_correlogram.jpg", "labels.jpg"]}, "Mosaics": {"_type": "images/separated", "width": 1920, "height": 1920, "format": "jpg", "count": 3, "captions": ["train_batch0.jpg", "train_batch1.jpg", "train_batch2.jpg"]}, "train/box_loss": 0.03954332694411278, "train/obj_loss": 0.0271155945956707, "train/cls_loss": 0.003513030242174864, "metrics/precision": 0.7820989633406541, "metrics/recall": 0.4243631600944727, "metrics/mAP_0.5": 0.5127548200687553, "metrics/mAP_0.5:0.95": 0.23032860541473335, "val/box_loss": 0.05257299914956093, "val/obj_loss": 0.041422706097364426, "val/cls_loss": 0.0074487957172095776, "x/lr0": 0.0004960000000000005, "x/lr1": 0.0004960000000000005, "x/lr2": 0.0004960000000000005, "_runtime": 1063, "_timestamp": 1686607217, "_step": 50, "Results": {"_type": "images/separated", "width": 2400, "height": 1200, "format": "png", "count": 1, "captions": ["results.png"]}, "_wandb": {"runtime": 1063}}