{"best/epoch": 49, "best/precision": 0.7513870308943964, "best/recall": 0.3423874895873779, "best/mAP_0.5": 0.44086764393126426, "best/mAP_0.5:0.95": 0.19111953046619834, "Labels": {"_type": "images/separated", "width": 2000, "height": 2000, "format": "jpg", "count": 2, "captions": ["labels_correlogram.jpg", "labels.jpg"]}, "Mosaics": {"_type": "images/separated", "width": 1920, "height": 1920, "format": "jpg", "count": 3, "captions": ["train_batch0.jpg", "train_batch1.jpg", "train_batch2.jpg"]}, "train/box_loss": 0.04170653596520424, "train/obj_loss": 0.029753517359495163, "train/cls_loss": 0.0033954118844121695, "metrics/precision": 0.7503050541955014, "metrics/recall": 0.34246536728671945, "metrics/mAP_0.5": 0.44046022482191005, "metrics/mAP_0.5:0.95": 0.19041237440227576, "val/box_loss": 0.05553188920021057, "val/obj_loss": 0.06106976047158241, "val/cls_loss": 0.009476552717387676, "x/lr0": 0.0004960000000000005, "x/lr1": 0.0004960000000000005, "x/lr2": 0.0004960000000000005, "_runtime": 786, "_timestamp": 1686646971, "_step": 50, "Validation": {"_type": "images/separated", "width": 1920, "height": 1080, "format": "jpg", "count": 6, "captions": ["val_batch0_labels.jpg", "val_batch0_pred.jpg", "val_batch1_labels.jpg", "val_batch1_pred.jpg", "val_batch2_labels.jpg", "val_batch2_pred.jpg"]}, "Results": {"_type": "images/separated", "width": 2400, "height": 1200, "format": "png", "count": 6, "captions": ["results.png", "confusion_matrix.png", "F1_curve.png", "PR_curve.png", "P_curve.png", "R_curve.png"]}, "_wandb": {"runtime": 787}}