{"best/epoch": 31, "best/precision": 0.6871404676817611, "best/recall": 0.42109108403682044, "best/mAP_0.5": 0.4620414583089652, "best/mAP_0.5:0.95": 0.20795003478115218, "Labels": {"_type": "images/separated", "width": 2000, "height": 2000, "format": "jpg", "count": 2, "captions": ["labels_correlogram.jpg", "labels.jpg"]}, "Mosaics": {"_type": "images/separated", "width": 1920, "height": 1920, "format": "jpg", "count": 3, "captions": ["train_batch0.jpg", "train_batch1.jpg", "train_batch2.jpg"]}, "train/box_loss": 0.03585505113005638, "train/obj_loss": 0.014918639324605465, "train/cls_loss": 0.005945239681750536, "metrics/precision": 0.7184789980300975, "metrics/recall": 0.3435290171033785, "metrics/mAP_0.5": 0.4213745801320197, "metrics/mAP_0.5:0.95": 0.19502152290019, "val/box_loss": 0.05412335321307182, "val/obj_loss": 0.030060360208153725, "val/cls_loss": 0.023977497592568398, "x/lr0": 0.0004960000000000005, "x/lr1": 0.0004960000000000005, "x/lr2": 0.0004960000000000005, "_runtime": 766, "_timestamp": 1686694229, "_step": 50, "Results": {"_type": "images/separated", "width": 2400, "height": 1200, "format": "png", "count": 1, "captions": ["results.png"]}, "_wandb": {"runtime": 767}}