{"best/epoch": 39, "best/precision": 0.7507907942210176, "best/recall": 0.452527490521694, "best/mAP_0.5": 0.5389302355959654, "best/mAP_0.5:0.95": 0.27419315736175304, "Labels": {"_type": "images/separated", "width": 2000, "height": 2000, "format": "jpg", "count": 2, "captions": ["labels_correlogram.jpg", "labels.jpg"]}, "Mosaics": {"_type": "images/separated", "width": 1920, "height": 1920, "format": "jpg", "count": 3, "captions": ["train_batch0.jpg", "train_batch1.jpg", "train_batch2.jpg"]}, "train/box_loss": 0.03708323836326599, "train/obj_loss": 0.015411349944770336, "train/cls_loss": 0.0054307971149683, "metrics/precision": 0.8091596191420153, "metrics/recall": 0.4329805863150246, "metrics/mAP_0.5": 0.5473136626625115, "metrics/mAP_0.5:0.95": 0.26650096439342047, "val/box_loss": 0.04982532933354378, "val/obj_loss": 0.031355176120996475, "val/cls_loss": 0.017480196431279182, "x/lr0": 0.0004960000000000005, "x/lr1": 0.0004960000000000005, "x/lr2": 0.0004960000000000005, "_runtime": 787, "_timestamp": 1686695957, "_step": 50, "Results": {"_type": "images/separated", "width": 2400, "height": 1200, "format": "png", "count": 1, "captions": ["results.png"]}, "_wandb": {"runtime": 788}}