{"best/epoch": 84, "best/precision": 0.7073832076971233, "best/recall": 0.3528174603174603, "best/mAP_0.5": 0.41062971959274497, "best/mAP_0.5:0.95": 0.19228278390859965, "Labels": {"_type": "images/separated", "width": 2000, "height": 2000, "format": "jpg", "count": 5, "captions": ["labels_correlogram.jpg", "val_batch2_labels.jpg", "val_batch1_labels.jpg", "val_batch0_labels.jpg", "labels.jpg"]}, "Mosaics": {"_type": "images/separated", "width": 1920, "height": 1920, "format": "jpg", "count": 3, "captions": ["train_batch0.jpg", "train_batch1.jpg", "train_batch2.jpg"]}, "train/box_loss": 0.03489133343100548, "train/obj_loss": 0.02476767636835575, "train/cls_loss": 0.0018378093373030424, "metrics/precision": 0.7503050541955014, "metrics/recall": 0.34246536728671945, "metrics/mAP_0.5": 0.44046022482191005, "metrics/mAP_0.5:0.95": 0.19041237440227576, "val/box_loss": 0.05553188920021057, "val/obj_loss": 0.06106976047158241, "val/cls_loss": 0.009476552717387676, "x/lr0": 0.0002980000000000002, "x/lr1": 0.0002980000000000002, "x/lr2": 0.0002980000000000002, "_runtime": 1828, "_timestamp": 1686656492, "_step": 100, "Validation": {"_type": "images/separated", "width": 1920, "height": 1080, "format": "jpg", "count": 6, "captions": ["val_batch0_labels.jpg", "val_batch0_pred.jpg", "val_batch1_labels.jpg", "val_batch1_pred.jpg", "val_batch2_labels.jpg", "val_batch2_pred.jpg"]}, "Results": {"_type": "images/separated", "width": 2400, "height": 1200, "format": "png", "count": 6, "captions": ["results.png", "confusion_matrix.png", "F1_curve.png", "PR_curve.png", "P_curve.png", "R_curve.png"]}, "_wandb": {"runtime": 1829}}