{"best/epoch": 34, "best/precision": 0.7493623071712766, "best/recall": 0.41488760506508077, "best/mAP_0.5": 0.4645904012491279, "best/mAP_0.5:0.95": 0.22909866709088633, "Labels": {"_type": "images/separated", "width": 2000, "height": 2000, "format": "jpg", "count": 2, "captions": ["labels_correlogram.jpg", "labels.jpg"]}, "Mosaics": {"_type": "images/separated", "width": 1920, "height": 1920, "format": "jpg", "count": 3, "captions": ["train_batch0.jpg", "train_batch1.jpg", "train_batch2.jpg"]}, "train/box_loss": 0.036920007318258286, "train/obj_loss": 0.018058793619275093, "train/cls_loss": 0.005999356508255005, "metrics/precision": 0.7431992048128201, "metrics/recall": 0.37060360755938687, "metrics/mAP_0.5": 0.4428956555630406, "metrics/mAP_0.5:0.95": 0.2182489262390405, "val/box_loss": 0.057341814041137695, "val/obj_loss": 0.036647796630859375, "val/cls_loss": 0.02226366475224495, "x/lr0": 0.0004960000000000005, "x/lr1": 0.0004960000000000005, "x/lr2": 0.0004960000000000005, "_runtime": 817, "_timestamp": 1686697578, "_step": 50, "Results": {"_type": "images/separated", "width": 2400, "height": 1200, "format": "png", "count": 1, "captions": ["results.png"]}, "_wandb": {"runtime": 818}}