{"best/epoch": 49, "best/precision": 0.8026667289121963, "best/recall": 0.6283094646267422, "best/mAP_0.5": 0.6842239376578969, "best/mAP_0.5:0.95": 0.404629187019608, "Labels": {"_type": "images/separated", "width": 2000, "height": 2000, "format": "jpg", "count": 2, "captions": ["labels_correlogram.jpg", "labels.jpg"]}, "Mosaics": {"_type": "images/separated", "width": 1920, "height": 1920, "format": "jpg", "count": 3, "captions": ["train_batch0.jpg", "train_batch1.jpg", "train_batch2.jpg"]}, "train/box_loss": 0.035561371594667435, "train/obj_loss": 0.012868122197687626, "train/cls_loss": 0.006023074500262737, "metrics/precision": 0.8049492470734186, "metrics/recall": 0.6268327022874272, "metrics/mAP_0.5": 0.6843505030232274, "metrics/mAP_0.5:0.95": 0.4039864380590836, "val/box_loss": 0.04483162984251976, "val/obj_loss": 0.024148941040039062, "val/cls_loss": 0.01725795492529869, "x/lr0": 0.0004960000000000005, "x/lr1": 0.0004960000000000005, "x/lr2": 0.0004960000000000005, "_runtime": 3008, "_timestamp": 1686689246, "_step": 50, "Validation": {"_type": "images/separated", "width": 1920, "height": 1080, "format": "jpg", "count": 6, "captions": ["val_batch0_labels.jpg", "val_batch0_pred.jpg", "val_batch1_labels.jpg", "val_batch1_pred.jpg", "val_batch2_labels.jpg", "val_batch2_pred.jpg"]}, "Results": {"_type": "images/separated", "width": 2400, "height": 1200, "format": "png", "count": 6, "captions": ["results.png", "confusion_matrix.png", "F1_curve.png", "PR_curve.png", "P_curve.png", "R_curve.png"]}, "_wandb": {"runtime": 3009}}