{"best/epoch": 99, "best/precision": 0.54450322169849, "best/recall": 0.2339327485380117, "best/mAP_0.5": 0.2789624536687787, "best/mAP_0.5:0.95": 0.11869106527872667, "Labels": {"_type": "images/separated", "width": 2000, "height": 2000, "format": "jpg", "count": 5, "captions": ["labels_correlogram.jpg", "val_batch2_labels.jpg", "val_batch1_labels.jpg", "val_batch0_labels.jpg", "labels.jpg"]}, "Mosaics": {"_type": "images/separated", "width": 1920, "height": 1920, "format": "jpg", "count": 3, "captions": ["train_batch0.jpg", "train_batch1.jpg", "train_batch2.jpg"]}, "train/box_loss": 0.05111367255449295, "train/obj_loss": 0.03768037632107735, "train/cls_loss": 0.005966512020677328, "metrics/precision": 0.54450322169849, "metrics/recall": 0.2339327485380117, "metrics/mAP_0.5": 0.2789624536687787, "metrics/mAP_0.5:0.95": 0.11869106527872667, "val/box_loss": 0.06167493015527725, "val/obj_loss": 0.05879974365234375, "val/cls_loss": 0.012542424723505974, "x/lr0": 0.0002980000000000002, "x/lr1": 0.0002980000000000002, "x/lr2": 0.0002980000000000002, "_runtime": 1771, "_timestamp": 1686660005, "_step": 99}